<application>
  <component name="AndroidLogcatFilterHistory">
    <option name="mostRecentlyUsed" value="package:com.example.ms32  " />
    <option name="named">
      <list>
        <option value="package:mine name: ms32" />
      </list>
    </option>
    <option name="nonFavorites">
      <list>
        <option value="package:com.example.ms32  " />
        <option value="package " />
        <option value="package:com.example.ms32 " />
        <option value="package: " />
      </list>
    </option>
  </component>
</application>