<application>
  <component name="BuildProcessSatisfactionSurveyStore">
    <option name="daysWithGradleBuilds" value="6" />
    <option name="firstKotlinGradleBuildTime" value="1749134826" />
    <option name="lastKotlinGradleBuildTime" value="1761916224" />
    <option name="nextCountedGradleBuild" value="1762000736" />
  </component>
  <component name="KotlinNewUserTracker">
    <option name="firstKtFileOpened" value="1749134357" />
    <option name="lastKtFileOpened" value="1761912935" />
    <option name="newKtUserSince" value="1749134357" />
  </component>
</application>