<application>
  <component name="Trusted.Paths">
    <option name="TRUSTED_PROJECT_PATHS">
      <map>
        <entry key="C:\Users\USER\AndroidStudioProjects\MyApplication" value="true" />
        <entry key="C:\Users\USER\AndroidStudioProjects\displaySettings" value="true" />
        <entry key="C:\Users\USER\AndroidStudioProjects\esp" value="true" />
        <entry key="C:\Users\USER\AndroidStudioProjects\ms32" value="true" />
        <entry key="C:\Users\USER\AndroidStudioProjects\servicecore" value="true" />
        <entry key="C:\Users\USER\Documents\ServiceCore\ServiceCore" value="true" />
        <entry key="C:\Users\USER\Documents\displayService" value="true" />
        <entry key="C:\Users\USER\Documents\serviceCore" value="true" />
      </map>
    </option>
  </component>
</application>