<application>
  <component name="DimensionService">
    <location key="WELCOME_SCREEN.0.0.1920.1080@120dpi" x="960" y="375" />
    <size key="GridCell.Tab.0.left.0.0.1920.1080@120dpi" width="1818" height="284" />
    <size key="GridCell.Tab.0.center.0.0.1920.1080@120dpi" width="1818" height="284" />
    <size key="GridCell.Tab.0.right.0.0.1920.1080@120dpi" width="1818" height="284" />
    <size key="GridCell.Tab.0.bottom.0.0.1920.1080@120dpi" width="1818" height="284" />
  </component>
  <component name="WindowManager">
    <frame x="-9" y="-9" width="1938" height="1038" extendedState="6" />
  </component>
  <component name="WindowStateApplicationService">
    <state width="454" height="111" key="ShowUsagesActions.dimensionServiceKey" timestamp="1761916837312">
      <screen x="0" y="0" width="1536" height="816" />
    </state>
    <state width="454" height="111" key="ShowUsagesActions.dimensionServiceKey/0.0.1536.816" timestamp="1761916837312" />
    <state x="768" y="411" width="1550" height="830" key="WELCOME_SCREEN" timestamp="1761912876224">
      <screen x="0" y="0" width="1536" height="816" />
    </state>
    <state x="768" y="411" width="1550" height="830" key="WELCOME_SCREEN/0.0.1536.816" timestamp="1761912876224" />
    <state x="-7" y="0" width="1550" height="830" key="com.android.tools.idea.devicemanagerv2.DeviceManagerWelcomeScreenFrame" timestamp="1757402672351">
      <screen x="0" y="0" width="1536" height="816" />
    </state>
    <state x="-7" y="0" width="1550" height="830" key="com.android.tools.idea.devicemanagerv2.DeviceManagerWelcomeScreenFrame/0.0.1536.816" timestamp="1757402672351" />
  </component>
</application>